{
  "节目与互动": {
    "16": 47.5682461667874,
    "17": 45.71869278704338,
    "18": 44.84336587476436,
    "19": 45.00310288051705,
    "20": 46.334022647119625,
    "21": 49.06591238961058,
    "22": 53.53987409643936,
    "23": 60.21518628206241,
    "24": 69.6435679292583,
    "25": 82.37636573440963,
    "26": 98.77508263291496,
    "27": 118.7512748100152,
    "28": 141.57283841623237,
    "29": 165.93646986730948,
    "30": 190.36132582999738,
    "31": 213.67498321539313,
    "32": 235.27749207716118,
    "33": 255.09328149016818,
    "34": 273.3566607017534,
    "35": 290.403747308774,
    "36": 306.54576575738326,
    "37": 324.05926944427733,
    "38": 338.24056067817895,
    "39": 352.27920690386014,
    "40": 366.10388561721095,
    "41": 379.64327431412113,
    "42": 392.82605049048067,
    "43": 405.58089164217927,
    "44": 417.8364752651067,
    "45": 429.521478855153,
    "46": 440.564579908208,
    "47": 450.8944559201614,
    "48": 460.4397843869032,
    "49": 469.1292428043232,
    "50": 476.8915086683112,
    "51": 478.09538533435466,
    "52": 474.8576110900474,
    "53": 457.2537632318544,
    "54": 410.699582850944,
    "55": 321.138167040503,
    "56": 202.99405403472073,
    "57": 102.7371872103729,
    "58": 44.424614203765856,
    "59": 17.652883800106594,
    "60": 6.741271831844176
  },
  "旅行与消费": {
    "16": 72.04506524574386,
    "17": 74.59595658257102,
    "18": 77.52774903002606,
    "19": 80.70828263343206,
    "20": 83.93011604586076,
    "21": 86.89213954816348,
    "22": 89.18192864778062,
    "23": 90.26888232614563,
    "24": 89.52995909636971,
    "25": 86.3424897579602,
    "26": 80.27364887140827,
    "27": 71.340557747363,
    "28": 60.20399773119214,
    "29": 48.09594990304254,
    "30": 36.42593509205315,
    "31": 26.295053883016884,
    "32": 18.231933718159116,
    "33": 12.240823018502871,
    "34": 8.016090032598951,
    "35": 5.150294659479861,
    "36": 3.2608899488823546,
    "79": 5.217509820135294,
    "80": 8.57416284262866,
    "81": 13.578907806773923,
    "82": 20.6905175696164,
    "83": 30.289532618192627,
    "84": 42.55590499717522,
    "85": 57.351926491344805,
    "86": 74.16316442972582,
    "87": 92.14321403801317,
    "88": 110.26656795343828,
    "89": 127.53811141560725,
    "90": 143.17833134774955,
    "91": 156.72271578014815,
    "92": 168.02325462679397,
    "93": 177.18155495250448,
    "94": 184.45608634393938,
    "95": 190.17596098808468,
    "96": 194.67635539676272,
    "97": 198.25728460419293,
    "98": 200.77564944280707,
    "99": 202.18101990099487,
    "100": 200.24866489489392,
    "101": 198.12719815073964,
    "102": 193.89735968188305,
    "103": 186.82345404168387,
    "104": 175.98937540355013,
    "105": 160.5238830322632,
    "106": 140.09422764249967,
    "107": 115.55929299883817,
    "108": 89.26690594270391,
    "109": 64.39710912685113,
    "110": 43.58571830922056,
    "111": 27.950129739371736,
    "112": 17.17405833530569,
    "113": 10.210615074622805,
    "114": 5.914948314955144,
    "115": 3.35241000541173
  },
  "单身生活": {
    "51": 5.559874140402533,
    "52": 14.491561629503408,
    "53": 36.64816266672777,
    "54": 86.5426136567968,
    "55": 178.16049500241382,
    "56": 297.0059459652793,
    "57": 397.2628127896271,
    "58": 455.11296872911623,
    "59": 480.52879824105685,
    "60": 489.2380509574526,
    "61": 492.9775306417347,
    "62": 489.2233310629299,
    "63": 484.7637495173351,
    "64": 479.6458114694029,
    "65": 473.916542383586,
    "66": 467.62296772433706,
    "67": 460.81211295610876,
    "68": 453.53100354335373,
    "69": 445.8266649505247,
    "70": 437.74612264207434,
    "71": 429.33640208245527,
    "72": 420.6445287361202,
    "73": 411.7175280675217,
    "74": 402.6024255411127,
    "75": 393.34624662134553,
    "76": 383.9960167726731,
    "77": 374.598761459548,
    "78": 365.20150614642284,
    "79": 350.63376647761504,
    "80": 338.0209345353546,
    "81": 323.9010870448002,
    "82": 307.8624766133593,
    "83": 289.57158821844797,
    "84": 268.89549527984633,
    "85": 246.01893147722637,
    "86": 221.50335494601632,
    "87": 196.24219592497403,
    "88": 171.30798724132055,
    "89": 147.7428691199026,
    "90": 126.37338010194347,
    "91": 107.71105762161274,
    "92": 91.95093722937203,
    "93": 79.03843732485676,
    "94": 68.76211378585974,
    "95": 60.839879889847815,
    "96": 54.98358458945111,
    "97": 50.940238314902984,
    "98": 48.42187347628883,
    "99": 47.258256787241336,
    "100": 46.84222906213554,
    "101": 47.85727543006607,
    "102": 49.82837448060425,
    "103": 52.51578138172962,
    "104": 55.493501094509305,
    "105": 58.06519386542866,
    "106": 59.27748406582145,
    "107": 58.1602663194519,
    "108": 54.19920643936701,
    "109": 47.72678016798617,
    "110": 39.815768101745874,
    "111": 31.722534990107786,
    "112": 24.37497371882297,
    "113": 18.217484485962373,
    "114": 13.32261935191724,
    "115": 9.5647691027512,
    "116": 6.789754934646218,
    "117": 4.691149112870346,
    "118": 3.181117654237831,
    "196": 2.3080992505808924,
    "197": 3.4258700911394415,
    "198": 5.054275359984485,
    "199": 7.409190298667604,
    "200": 10.78278554459018,
    "201": 15.5531723167508,
    "202": 22.173039101868216,
    "203": 31.110465561548256,
    "204": 42.70784809953816,
    "205": 56.94670582657083,
    "206": 73.18994659593329,
    "207": 90.09756446227398,
    "208": 105.92049844220668,
    "209": 119.11200618851566,
    "210": 128.86145822419098,
    "211": 135.20096995222517,
    "212": 138.7285556122776,
    "213": 140.23766025864808,
    "214": 137.57893548592915,
    "215": 137.440017332323,
    "216": 133.7367298936109,
    "217": 129.57064429608104,
    "218": 124.73335119891581,
    "219": 118.99426149400126,
    "220": 112.12950064738119,
    "221": 103.81215193954452,
    "222": 93.96682742411191,
    "223": 82.86915601438052,
    "224": 70.9301961160155,
    "225": 58.752892462521714,
    "226": 47.018429180672875,
    "227": 36.33925504956853,
    "228": 27.139967743615436,
    "229": 19.609055864656487,
    "230": 13.722643123001168,
    "231": 9.31007044856273,
    "232": 6.126432716810128,
    "233": 3.910265869037216,
    "234": 2.4198921359938796
  },
  "日本社会现象": {
    "100": 3.057253952584318,
    "101": 5.3150778733578905,
    "102": 9.143168030333067,
    "103": 15.492379573105593,
    "104": 25.680228238135125,
    "105": 41.24970938508983,
    "106": 63.46236279889435,
    "107": 92.40482496214055,
    "108": 126.21901809129113,
    "109": 161.36783866210737,
    "110": 194.118105191147,
    "111": 222.0714715503236,
    "112": 244.59174480681992,
    "113": 262.25682865589965,
    "114": 276.11443755047435,
    "115": 287.2002436263061,
    "116": 298.16684070414044,
    "117": 305.1537896883642,
    "118": 311.57674943850975,
    "119": 319.67079538426066,
    "120": 324.55913854670854,
    "121": 329.3983114510262,
    "122": 334.1637289681485,
    "123": 338.8308059690103,
    "124": 343.3749573245466,
    "125": 347.77159790569215,
    "126": 351.99614258338175,
    "127": 356.0240062285505,
    "128": 359.83060371213315,
    "129": 363.3913499050646,
    "130": 366.68165967827974,
    "131": 369.67694790271344,
    "132": 372.3526294493006,
    "133": 374.6841191889761,
    "134": 376.6468319926748,
    "135": 378.2161827313316,
    "136": 374.65038168353755,
    "137": 371.15740920422337,
    "138": 363.9116924050562,
    "139": 351.2559727766838,
    "140": 331.2142451560906,
    "141": 302.69010537397236,
    "142": 267.3530675704691,
    "143": 229.58992495458224,
    "144": 194.55212031355651,
    "145": 165.70200889762256,
    "146": 144.00350882305827,
    "147": 128.68532932296623,
    "148": 118.29579483817551,
    "149": 111.35293971199003,
    "150": 106.59450911863215,
    "151": 103.02178296957476,
    "152": 99.87303241156934,
    "153": 96.5860232254351,
    "154": 92.76779919544515,