{
  "职业与学业压力": {
    "1": 126.82700720908736,
    "2": 126.10006631609569,
    "3": 124.12694103511838,
    "4": 121.21917746315177,
    "5": 117.68832169719232,
    "6": 113.84591983423645,
    "7": 110.00351797128059,
    "8": 103.47308175077079,
    "9": 94.99233640823284,
    "10": 86.69143505800646,
    "11": 75.81148723930444,
    "12": 61.46567822036214,
    "13": 46.669526237181294,
    "14": 35.282743922659584,
    "15": 25.179331793887695,
    "16": 16.82062034835717,
    "17": 10.595309519641232,
    "18": 6.356926877412761,
    "19": 3.6608373426421257,
    "37": 3.203907701885017,
    "38": 6.116685110049283,
    "39": 10.79269018416577,
    "40": 17.055103552852383,
    "41": 24.17487178748751,
    "42": 30.8177969273052,
    "43": 36.14901174096716,
    "44": 40.420282012677546,
    "45": 42.477946788541175,
    "46": 43.1807490322124,
    "47": 43.10750326854677,
    "48": 40.15267478837678,
    "49": 35.90281688827115,
    "50": 30.54707909688531,
    "51": 24.639155903462832,
    "52": 18.924504958831985,
    "53": 14.020081106960815,
    "54": 10.205608749754248,
    "55": 7.448087231603089,
    "56": 5.568208419471881,
    "57": 4.40154890186534,
    "58": 3.7495573119223367,
    "59": 3.432445097946578,
    "60": 3.3500310098099355,
    "61": 3.4475227540612816,
    "62": 3.7419628757881838,
    "63": 4.1110635094583134,
    "64": 4.515424418264763,
    "65": 5.010772377631753,
    "66": 5.477535179165289,
    "67": 5.842646922008856,
    "68": 5.983877448342322,
    "69": 5.695139004228711,
    "70": 4.874577259374749,
    "71": 3.6149788468451582,
    "72": 2.385289031573883
  },
  "社交与情感问题": {
    "8": 2.9995804545503684,
    "9": 4.5526164886752625,
    "10": 6.786720678288085,
    "11": 9.59063133639275,
    "12": 12.446959686405119,
    "13": 15.005535396635715,
    "14": 17.889718272067714,
    "15": 20.020862226405484,
    "16": 20.88105403865633,
    "17": 20.465579076451682,
    "18": 19.05850914334214,
    "19": 17.00729887220696,
    "20": 14.71233207097009,
    "21": 12.15683743788974,
    "22": 9.688787127008052,
    "23": 7.567455545877208,
    "24": 5.82513311418931,
    "25": 4.36877412906298,
    "26": 3.201476781510349,
    "35": 2.2967588324997266,
    "36": 4.038513731709534,
    "37": 6.912928916074149,
    "38": 11.461699716710044,
    "39": 17.94210306803841,
    "40": 25.553100436339516,
    "41": 33.112256187601865,
    "42": 39.16562564164274,
    "43": 43.330001036396276,
    "44": 46.53459612563668,
    "45": 47.90904486897115,
    "46": 48.71409577650658,
    "47": 49.670362502143725,
    "48": 48.1968527150099,
    "49": 45.673218206183016,
    "50": 41.72572728886684,
    "51": 36.40089125004245,
    "52": 30.23136842558228,
    "53": 23.992180749450995,
    "54": 18.341772042887435,
    "55": 13.62871837577655,
    "56": 9.947099306143011,
    "57": 7.292604953066755,
    "58": 5.440336928032104,
    "59": 4.110663179428777,
    "60": 3.130030530343169,
    "61": 2.392048128264347,
    "71": 2.696669265926263,
    "72": 4.550731187036559,
    "73": 7.467377245889978,
    "74": 11.596214208897203,
    "75": 17.33307249567379,
    "76": 25.158690502742893,
    "77": 34.59778627247563,
    "78": 45.61647518970751,
    "79": 60.99533560151876,
    "80": 85.01703189151729,
    "81": 117.70569363488885,
    "82": 157.1989348088145,
    "83": 200.27783035684254,
    "84": 243.13264894626445,
    "85": 277.06802346543554,
    "86": 302.67345141830685,
    "87": 312.8449497119666,
    "88": 302.7073279490325,
    "89": 275.1731975951278,
    "90": 230.58531766572017,
    "91": 172.13252236498806,
    "92": 113.92072433572204,
    "93": 67.18306986989428,
    "94": 35.78328035775902,
    "95": 17.50216244511234,
    "96": 8.006316136465149,
    "97": 3.54758068318273
  },
  "外貌与健康管理": {
    "13": 2.278427436649426,
    "14": 3.015248456798363,
    "15": 3.8195063120372588,
    "16": 4.625911280119917,
    "17": 5.436952820505775,
    "18": 6.310787169616058,
    "19": 7.336893795321483,
    "20": 8.677436929138135,
    "21": 10.305588275797081,
    "22": 12.401210358636686,
    "23": 15.318111427233164,
    "24": 19.44006049433599,
    "25": 24.9085999343232,
    "26": 32.07699934668123,
    "27": 41.606706712199106,
    "28": 52.971502609399295,
    "29": 66.37387147241265,
    "30": 81.25467415424342,
    "31": 96.80881036176078,
    "32": 112.61157779573918,
    "33": 129.44108886207678,
    "34": 145.3011429528989,
    "35": 152.7544738941334,
    "36": 153.04466938564335,
    "37": 143.30747303619668,
    "38": 128.24111447253608,
    "39": 108.26135895660128,
    "40": 83.43708716580716,
    "41": 58.69520977911459,
    "42": 37.71177709048358,
    "43": 22.59277174632967,
    "44": 13.045121861685773,
    "45": 7.14127860829025,
    "46": 3.806330823583076,
    "64": 2.8650221875291773,
    "65": 5.437333375152624,
    "66": 10.12218351770523,
    "67": 18.40353794887491,
    "68": 32.28602271147469,
    "69": 53.059525620194556,
    "70": 79.24578941421912,
    "71": 103.8407386174847,
    "72": 122.8245231261592,
    "73": 134.2683386392412,
    "74": 136.37314425025144,
    "75": 133.25054201514277,
    "76": 127.6924358801902,
    "77": 117.94059855947326,
    "78": 106.92190964224139,
    "79": 101.27197445513555,
    "80": 103.65736091790895,
    "81": 109.88440007335907,
    "82": 117.64593856228838,
    "83": 125.99136205913187,
    "84": 134.5608625145816,
    "85": 140.4683713105035,
    "86": 145.24656633711692,
    "87": 145.52764391411995,
    "88": 138.54301345039798,
    "89": 124.76512086826892,
    "90": 103.60477121792562,
    "91": 76.29085701468159,
    "92": 49.40968946706629,
    "93": 28.2308355645063,
    "94": 14.4088992123247,
    "95": 6.678577088618372,
    "96": 2.8640821309753846
  },
  "生活习惯与计划": {
    "9": 4.019945736446417,
    "10": 8.113617616082669,
    "11": 15.462713883688373,
    "12": 26.952194552618305,
    "13": 43.452259877767816,
    "14": 68.97195448072641,
    "15": 102.3036307553163,
    "16": 140.76591122349262,
    "17": 181.1690712007989,
    "18": 220.5141051537981,
    "19": 256.00546413697776,
    "20": 286.7843911024349,
    "21": 305.46565057287404,
    "22": 312.3789952897648,
    "23": 311.5834258022992,
    "24": 304.7104518928659,
    "25": 288.50204312281227,
    "26": 264.52755196193345,
    "27": 236.3744917612653,
    "28": 201.25914598711094,
    "29": 164.10622724714338,
    "30": 127.400594948652,
    "31": 93.87306964506115,
    "32": 65.87407389589008,
    "33": 44.55121555553412,
    "34": 28.69116146471198,
    "35": 16.869287167284654,
    "36": 9.213921640826507,
    "37": 4.585657009251089,
    "38": 2.1275139633164475
  },
  "技能与学习": {
    "45": 2.471729734197422,
    "46": 4.59773851167576,
    "47": 8.332386764084196,
    "48": 13.956381607299232,
    "49": 22.181742715552545,
    "50": 33.064946185280064,
    "51": 45.87768017855249,
    "52": 59.21372264696425,
    "53": 71.55299075087794,
    "54": 81.82921020544497,
    "55": 89.59869953468481,
    "56": 95.16019741644956,
    "57": 100.46625346943328,
    "58": 107.00096186494206,
    "59": 114.58735655672487,
    "60": 122.86278532226592,
    "61": 131.35204465796977,
    "62": 141.2984213423836,
    "63": 148.14170273703226,
    "64": 150.81192836990036,
    "65": 151.77471800344105,
    "66": 148.10800724165586,
    "67": 139.4615410676426,
    "68": 125.12508422772518,
    "69": 103.79144983901905,
    "70": 77.17478158591177,
    "71": 49.62373113875496,
    "72": 28.362512040467983,
    "73": 14.734277016333007,
    "74": 6.981604051820961,
    "75": 3.1163817962164337
  },
  "心理健康与自我提升": {
    "85": 7.4118963477618385,
    "86": 15.943974267098938,
    "87": 31.89848114920809,
    "88": 58.749658600569575,
    "89": 100.06168153660326,
    "90": 154.8703705785218,
    "91": 210.94404147980967,
    "92": 252.27884490536115,
    "93": 267.06044208999106,
    "94": 254.45888225433626,
    "95": 222.6470365907176,
    "96": 182.82246667325003,